,Марка,Модель,Год выпуска,Пробег,Состояние,Владельцев по ПТС,Цена
0,Volkswagen,Passat,2009,180000,не битый,4+,400000
1,Volkswagen,Teramont,2018,35000,не битый,1,2500000
2,Volkswagen,Caravelle,2017,80000,не битый,2,2250000
3,Volkswagen,Polo,2015,74937,не битый,2,545000
4,Volkswagen,Polo,2014,115100,не битый,1,445000
5,Volkswagen,Golf,2011,170000,не битый,4+,430000
6,Volkswagen,Jetta,2014,210000,не битый,1,580000
7,Volkswagen,Tiguan,2017,68000,не битый,2,1648000
8,Volkswagen,Amarok,2014,255000,не битый,2,1270000
9,Volkswagen,Touareg,2016,67000,не битый,2,2700000
10,Volkswagen,Polo,2012,147000,не битый,2,329000
11,Volkswagen,Polo,2013,85500,не битый,2,420000
12,Volkswagen,Jetta,2013,169000,не битый,1,510000
13,Volkswagen,Passat,2009,180000,не битый,4+,400000
14,Volkswagen,Teramont,2018,35000,не битый,1,2500000
15,Volkswagen,Tiguan,2017,59500,не битый,1,1530000
16,Volkswagen,Polo,2016,122201,не битый,1,537000
17,Volkswagen,Polo,2013,68000,не битый,2,437000
18,Volkswagen,Polo,2016,74996,не битый,1,627677
19,Volkswagen,Jetta,2015,108052,не битый,1,660915
20,Volkswagen,Amarok,2014,255000,не битый,2,1270000
21,Volkswagen,Tiguan,2012,163000,не битый,2,760000
22,Volkswagen,Polo,2017,58761,не битый,1,629000
23,Volkswagen,Golf,2013,46326,не битый,1,684000
24,Volkswagen,Tiguan,2012,167000,не битый,1,845000
25,Volkswagen,Polo,2012,143000,не битый,4+,365000
26,Volkswagen,Transporter,1990,25000,не битый,3,60000
27,Volkswagen,Polo,2012,92400,не битый,2,370000
28,Volkswagen,Touareg,2008,190000,не битый,3,749000
29,Volkswagen,Passat CC,2012,191000,не битый,3,718000
30,Volkswagen,Polo,2011,137100,не битый,1,345000
31,Volkswagen,Tiguan,2010,201000,не битый,2,515000
32,Volkswagen,Tiguan,2017,68000,не битый,2,1648000
33,Volkswagen,Touareg,2014,147000,не битый,3,1800000
34,Volkswagen,Passat CC,2009,120000,не битый,4+,485000
35,Volkswagen,Jetta,2011,130000,не битый,3,440000
36,Volkswagen,Tiguan,2012,122000,не битый,3,699000
37,Volkswagen,Polo,2015,86325,не битый,1,594287
38,Volkswagen,Tiguan,2010,120000,не битый,4+,643000
39,Volkswagen,Tiguan,2013,186000,не битый,4+,785000
40,Volkswagen,Polo,2012,109500,не битый,2,379000
41,Volkswagen,Tiguan,2012,148000,не битый,1,760000
42,Volkswagen,Touareg,2011,160000,не битый,2,1250000
43,Volkswagen,Touareg,2008,294600,не битый,4+,649000
44,Volkswagen,Polo,2013,93000,не битый,2,415000
45,Volkswagen,Tiguan,2020,16,не битый,1,2000000
46,Volkswagen,Polo,2013,55000,не битый,2,420000
47,Volkswagen,Polo,2011,109188,не битый,1,415000
48,Volkswagen,Tiguan,2015,122465,не битый,1,1042000
49,Volkswagen,Polo,2017,86166,не битый,1,455000
50,Volkswagen,Touareg,2014,70000,не битый,2,1750000
51,Volkswagen,Touareg,2011,223000,не битый,3,1299999
52,Volkswagen,Polo,2014,92000,не битый,3,485000
53,Volkswagen,Tiguan,2016,89934,не битый,1,945000
54,Volkswagen,Tiguan,2017,58000,не битый,1,1400000
55,Volkswagen,Jetta,2011,98881,не битый,1,532000
56,Volkswagen,Golf,2011,120000,не битый,2,400000
57,Volkswagen,Tiguan,2012,138614,не битый,3,744887
58,Volkswagen,Polo,2018,127000,не битый,2,735000
59,Volkswagen,Passat,2003,278000,не битый,3,233000
60,Volkswagen,Passat,2015,94500,не битый,1,1124900
61,Volkswagen,Passat,2008,199000,не битый,3,368000
62,Volkswagen,Polo,2018,5122,не битый,1,600000
63,Volkswagen,Tiguan,2010,120000,не битый,4+,643000
64,Volkswagen,Polo,2016,74996,не битый,1,627677
65,Volkswagen,Tiguan,2017,68000,не битый,2,1648000
66,Volkswagen,Polo,2017,72000,не битый,2,640000
67,Volkswagen,Tiguan,2019,37000,не битый,1,1500000
68,Volkswagen,Polo,2020,11,не битый,1,779900
69,Volkswagen,Amarok,2014,255000,не битый,2,1270000
70,Volkswagen,Touareg,2016,67000,не битый,2,2700000
71,Volkswagen,Passat,2009,180000,не битый,4+,400000
72,Volkswagen,Polo,2013,106000,не битый,3,408000
73,Volkswagen,Touareg,2008,186000,не битый,4+,600000
74,Volkswagen,Tiguan,2011,140570,не битый,2,591539
75,Volkswagen,Polo,2012,238000,не битый,4+,300000
76,Volkswagen,Scirocco,2010,199000,не битый,1,670000
77,Volkswagen,Polo,2017,76500,не битый,2,585000
78,Volkswagen,Jetta,2016,83610,не битый,1,819528
79,Volkswagen,Polo,2016,130000,не битый,1,560000
80,Volkswagen,Passat,2008,117000,не битый,3,413300
81,Volkswagen,Jetta,2014,184752,не битый,1,583515
82,Volkswagen,Transporter,2006,340000,не битый,2,300000
83,Volkswagen,Polo,2011,292000,не битый,3,325000
84,Volkswagen,Golf,2014,112198,не битый,1,641170
85,Volkswagen,Polo,2012,242000,не битый,2,325000
86,Volkswagen,Polo,2017,130000,не битый,1,580000
87,Volkswagen,Golf,2010,209500,не битый,3,430000
88,Volkswagen,Polo,2012,150000,не битый,3,390000
89,Volkswagen,Tiguan,2011,74000,не битый,2,779000
90,Volkswagen,Polo,2016,64000,не битый,1,535000
91,Volkswagen,Passat,2011,130000,не битый,3,550000
92,Volkswagen,Transporter,2007,261000,не битый,4+,525000
93,Volkswagen,Polo,2018,52000,не битый,1,659000
94,Volkswagen,Jetta,2004,197000,не битый,2,200000
95,Volkswagen,Tiguan,2017,59500,не битый,1,1530000
96,Volkswagen,Tiguan,2016,99145,не битый,2,1595000
97,Volkswagen,Golf,2012,138896,не битый,2,528551
98,Volkswagen,Golf,2015,108016,не битый,1,771560
99,Volkswagen,Jetta,2016,65017,не битый,1,829178
100,Volkswagen,Jetta,2016,73305,не битый,1,829099
101,Volkswagen,Golf,2015,57985,не битый,1,813432
102,Volkswagen,Tiguan,2010,206000,не битый,3,630000
103,Volkswagen,Amarok,2013,174000,не битый,3,920000
104,Volkswagen,Touareg,Владельцев по ПТС: 4+,VIN или номер кузова: XW8Z*************,Тип кузова: универсал,Количество дверей: 5,1010000
105,Volkswagen,Polo,2015,61633,не битый,1,572704
106,Volkswagen,Touareg,2014,105000,не битый,2,1750000
107,Volkswagen,Polo,2015,129580,не битый,1,510000
108,Volkswagen,Polo,2011,137500,не битый,1,391000
109,Volkswagen,Polo,2014,103400,не битый,1,470000
110,Volkswagen,Passat,2003,190000,не битый,2,218000
111,Volkswagen,Golf,2014,107000,не битый,2,585000
112,Volkswagen,Passat,2010,187000,не битый,3,500000
113,Volkswagen,Polo,2013,61502,не битый,1,450000
114,Volkswagen,Jetta,2018,62000,не битый,1,870000
115,Volkswagen,Passat,2006,240000,не битый,3,379000
116,Volkswagen,Tiguan,2012,83000,не битый,3,990000
117,Volkswagen,Golf,2015,59902,не битый,1,771997
118,Volkswagen,Crafter,2016,203581,не битый,1,1200000
119,Volkswagen,Teramont,2018,35000,не битый,1,2500000
120,Volkswagen,Tiguan,2017,59500,не битый,1,1530000
121,Volkswagen,Tiguan,2010,120000,не битый,4+,643000
122,Volkswagen,Passat,2008,230000,не битый,4+,470000
123,Volkswagen,Polo,2018,63000,не битый,1,595000
124,Volkswagen,Tiguan,2016,69000,не битый,2,895000
125,Volkswagen,Polo,2016,74996,не битый,1,627677
126,Volkswagen,Tiguan,2017,68000,не битый,2,1648000
127,Volkswagen,Amarok,2014,255000,не битый,2,1270000
128,Volkswagen,Transporter,2004,326000,не битый,2,460000
129,Volkswagen,Jetta,2015,101274,не битый,1,675000
130,Volkswagen,Tiguan,2014,79000,не битый,1,840000
131,Volkswagen,Passat,2012,148800,не битый,1,565000
132,Volkswagen,Amarok,2013,130000,не битый,3,995000
133,Volkswagen,Touareg,2011,200000,не битый,3,1300000
134,Volkswagen,Jetta,2014,147000,не битый,2,597500
135,Volkswagen,Polo,2013,89500,не битый,1,406000
136,Volkswagen,Passat,2007,262000,не битый,3,415000
137,Volkswagen,Tiguan,2010,170000,не битый,3,600000
138,Volkswagen,Tiguan,2012,160000,не битый,2,643000
139,Volkswagen,Tiguan,2012,99850,не битый,1,870000
140,Volkswagen,Tiguan,2013,125900,не битый,1,715000
141,Volkswagen,Polo,2020,17,не битый,1,773900
142,Volkswagen,Passat,2000,325000,не битый,4+,230000
143,Volkswagen,Multivan,2019,16,не битый,1,3710000
144,Volkswagen,Polo,2020,16,не битый,1,924900
145,Volkswagen,Golf,2014,96000,не битый,2,569000
146,Volkswagen,Polo,2019,16000,не битый,1,799900
147,Volkswagen,Polo,2020,19,не битый,1,961900
148,Volkswagen,Polo,2012,87365,не битый,1,330000
149,Volkswagen,Passat CC,2013,78000,не битый,2,900000
150,Volkswagen,Amarok,2019,19,не битый,1,3216288
151,Volkswagen,Polo,2019,34100,не битый,1,790000
152,Volkswagen,Tiguan,2020,16,не битый,1,1968200
153,Volkswagen,Golf,2013,119000,не битый,2,635000
154,Volkswagen,Polo,2015,92000,не битый,1,475000
155,Volkswagen,Bora,2001,300000,не битый,4+,150000
156,Volkswagen,Passat,2014,67761,не битый,2,829040
157,Volkswagen,Touareg,2008,180000,не битый,1,820000
158,Volkswagen,Jetta,2015,60866,не битый,1,693000
159,Volkswagen,Polo,2017,59500,не битый,1,565000
160,Volkswagen,Tiguan,2011,135000,не битый,3,720000
161,Volkswagen,Jetta,2013,109000,не битый,3,647000
162,Volkswagen,Touareg,2007,215000,не битый,3,459000
163,Volkswagen,Golf,2015,79591,не битый,1,779450
164,Volkswagen,Jetta,2011,143695,не битый,1,485000
165,Volkswagen,Jetta,2011,127685,не битый,2,515000000
166,Volkswagen,Polo,2012,146500,не битый,2,400000
167,Volkswagen,Polo,2014,84020,не битый,1,565000
168,Volkswagen,Polo,2000,235000,не битый,4+,135000
169,Volkswagen,Polo,2012,334456,не битый,1,365000
170,Volkswagen,Polo,2016,46549,не битый,1,619483
171,Volkswagen,Polo,2017,117766,не битый,1,465000
172,Volkswagen,Polo,2015,160000,не битый,1,430000
173,Volkswagen,Polo,2014,132272,не битый,1,465000
174,Volkswagen,Touareg,2014,61000,не битый,2,1700000
175,Volkswagen,Touareg,2016,67000,не битый,2,2700000
176,Volkswagen,Passat,2009,180000,не битый,4+,400000
177,Volkswagen,Teramont,2018,35000,не битый,1,2500000
178,Volkswagen,Passat CC,2012,163000,не битый,2,880000
179,Volkswagen,Tiguan,2012,113000,не битый,2,780000
180,Volkswagen,Polo,2013,108000,не битый,1,420000
181,Volkswagen,Tiguan,2017,59500,не битый,1,1530000
182,Volkswagen,Tiguan,2010,120000,не битый,4+,643000
183,Volkswagen,Polo,2016,74996,не битый,1,627677
184,Volkswagen,Touareg,2011,126500,не битый,2,1175000
185,Volkswagen,Tiguan,2009,351047,не битый,1,439665
186,Volkswagen,Polo,2014,75000,не битый,2,530000
187,Volkswagen,Jetta,2014,59155,не битый,1,704630
188,Volkswagen,Jetta,2012,160293,не битый,1,484788
189,Volkswagen,Tiguan,2016,97305,не битый,1,890000
190,Volkswagen,Tiguan,2016,62150,не битый,3,1249200
191,Volkswagen,Passat,2011,179000,не битый,1,500000
192,Volkswagen,Touareg,2010,193000,не битый,4+,1150000
193,Volkswagen,Passat,1997,220000,не битый,3,162000
194,Volkswagen,Touareg,2016,67000,не битый,2,2700000
195,Volkswagen,Polo,2016,109000,не битый,1,540000
196,Volkswagen,Golf,2009,200000,не битый,3,420000
197,Volkswagen,Polo,2014,155000,не битый,2,485000
198,Volkswagen,Tiguan,2011,138000,не битый,2,750000
199,Volkswagen,Polo,2017,154384,не битый,1,617079
200,Volkswagen,Polo,2011,60000,битый,3,300000
201,Volkswagen,Tiguan,2012,103000,не битый,2,650000
202,Volkswagen,Tiguan,2012,104000,не битый,4+,600000
203,Volkswagen,Passat,2010,153000,не битый,4+,420000
204,Volkswagen,Polo,2016,50000,не битый,2,650000
205,Volkswagen,Passat CC,2013,97200,не битый,2,789000
206,Volkswagen,Polo,2012,185680,не битый,3,352000
207,Volkswagen,Jetta,2015,90000,не битый,1,639000
208,Volkswagen,Jetta,2015,88901,не битый,2,699000
209,Volkswagen,Touareg,2013,140000,не битый,3,1780000
210,Volkswagen,Passat,2002,280000,не битый,4+,220000
211,Volkswagen,Passat CC,2009,230000,не битый,3,559000
212,Volkswagen,Polo,2016,54573,не битый,1,628357
213,Volkswagen,Polo,2012,129300,не битый,2,350000
214,Volkswagen,Tiguan,2012,96000,не битый,4+,520000
215,Volkswagen,Polo,2017,41089,не битый,1,628000
216,Volkswagen,Scirocco,2010,180000,не битый,4+,610000
217,Volkswagen,Jetta,2016,87441,не битый,1,764679
218,Volkswagen,Passat,1988,286000,не битый,4+,70000
219,Volkswagen,Jetta,2016,54765,не битый,1,799852
220,Volkswagen,Pointer,2004,230000,не битый,4+,98000
221,Volkswagen,Polo,2016,142500,не битый,2,528000
222,Volkswagen,Polo,2016,140905,не битый,1,556171
223,Volkswagen,Passat,2012,133000,не битый,3,700000
224,Volkswagen,Polo,2014,39000,не битый,1,420000
225,Volkswagen,Polo,2016,51610,не битый,1,650731
226,Volkswagen,Tiguan,2018,22000,не битый,1,1390000
227,Volkswagen,Golf,2005,250000,не битый,4+,300000
228,Volkswagen,Tiguan,2011,95000,не битый,3,520000
229,Volkswagen,Passat,2011,165000,не битый,3,560000
230,Volkswagen,Amarok,2014,255000,не битый,2,1270000
231,Volkswagen,Polo,2016,74996,не битый,1,627677
232,Volkswagen,Tiguan,2017,59500,не битый,1,1530000
233,Volkswagen,Polo,2012,86000,не битый,1,399000
234,Volkswagen,Golf,2013,115000,не битый,2,700000
235,Volkswagen,Passat,2004,202000,не битый,4+,281200
236,Volkswagen,Passat,2009,180000,не битый,4+,400000
237,Volkswagen,Teramont,2018,35000,не битый,1,2500000
238,Volkswagen,Touareg,2016,67000,не битый,2,2700000
239,Volkswagen,Golf,2015,116457,не битый,1,755914
240,Volkswagen,Golf,2015,85852,не битый,1,832476
241,Volkswagen,Golf,2015,50870,не битый,1,713810
242,Volkswagen,Golf,2001,296000,не битый,4+,180000
243,Volkswagen,Passat,2013,125000,не битый,3,685000
244,Volkswagen,Multivan,2004,181000,не битый,4+,1200000
245,Volkswagen,Touareg,2004,330000,не битый,2,495000
246,Volkswagen,Polo,2014,146000,не битый,1,455000
247,Volkswagen,Golf,2015,119250,не битый,1,655500
248,Volkswagen,Golf,2014,104934,не битый,1,549776
249,Volkswagen,Golf,2015,124324,не битый,1,786798
250,Volkswagen,Polo,2017,44135,не битый,1,687038
251,Volkswagen,Tiguan,2015,160000,не битый,1,699000
252,Volkswagen,Golf,2015,86373,не битый,1,791097
253,Volkswagen,Amarok,2012,176000,не битый,4+,799999
254,Volkswagen,Tiguan,2011,170000,не битый,3,650000
255,Volkswagen,Tiguan,2017,120000,не битый,1,1450000
256,Volkswagen,Touareg,2008,245000,не битый,3,700000
257,Volkswagen,Polo,2014,166900,не битый,2,445000
258,Volkswagen,Polo,2015,110506,не битый,1,559000
259,Volkswagen,Jetta,2015,82736,не битый,1,682477
260,Volkswagen,Jetta,2016,22641,не битый,1,749983
261,Volkswagen,Polo,2016,117273,не битый,1,581360
262,Volkswagen,Jetta,2007,140000,не битый,3,360000
263,Volkswagen,Jetta,2017,42000,не битый,1,735000
264,Volkswagen,Passat,1999,284000,битый,4+,150000
265,Volkswagen,Polo,2015,145000,не битый,2,470000
266,Volkswagen,Polo,2013,138000,не битый,2,360000
267,Volkswagen,Polo,2018,60466,не битый,1,761060
268,Volkswagen,Passat,2011,149000,не битый,3,499999
269,Volkswagen,Jetta,2013,123500,не битый,4+,560000
270,Volkswagen,Passat CC,2010,150000,не битый,4+,600000
271,Volkswagen,Passat CC,2010,176500,не битый,2,580000
272,Volkswagen,Tiguan,2014,78900,не битый,1,950000
273,Volkswagen,Crafter,2008,670000,не битый,2,490000
274,Volkswagen,Polo,2011,160000,не битый,2,390000
275,Volkswagen,Passat CC,2014,112176,не битый,3,879564
276,Volkswagen,Passat,2011,200000,не битый,3,515000
277,Volkswagen,Polo,2016,75000,не битый,2,592000
278,Volkswagen,Jetta,2015,79253,не битый,1,636818
279,Volkswagen,Jetta,2015,64532,не битый,1,663825
280,Volkswagen,Golf,2015,84269,не битый,1,672200
281,Volkswagen,Polo,2011,88000,не битый,2,350000
282,Volkswagen,Tiguan,2012,155500,не битый,2,750000
283,Volkswagen,Golf,2015,92330,не битый,1,689000
284,Volkswagen,Golf,2010,197766,не битый,3,485000
285,Volkswagen,Polo,2014,89033,не битый,1,558232
286,Volkswagen,Teramont,2018,35000,не битый,1,2500000
287,Volkswagen,Tiguan,2010,120000,не битый,4+,643000
288,Volkswagen,Tiguan,2017,68000,не битый,2,1648000
289,Volkswagen,Touareg,2008,191000,не битый,3,855000
290,Volkswagen,Golf,2000,230000,не битый,4+,185000
291,Volkswagen,Passat,2000,350000,не битый,4+,215000
292,Volkswagen,Amarok,2014,255000,не битый,2,1270000
293,Volkswagen,Tiguan,2017,59500,не битый,1,1530000
294,Volkswagen,Touareg,2016,67000,не битый,2,2700000
295,Volkswagen,Touareg,2007,218000,не битый,4+,620000
296,Volkswagen,Caravelle,2012,190000,не битый,1,1200000
297,Volkswagen,Polo,1997,300000,не битый,4+,30000
298,Volkswagen,Polo,2010,150000,не битый,1,295000
299,Volkswagen,Touran,2011,203000,не битый,3,409000
300,Volkswagen,Touareg,2011,357000,не битый,4+,1050000
301,Volkswagen,Jetta,2013,92000,не битый,2,560000
302,Volkswagen,Tiguan,2011,111192,не битый,2,780000
303,Volkswagen,Touareg,2008,295000,не битый,4+,499000
304,Volkswagen,Jetta,2012,116000,не битый,1,560000
305,Volkswagen,Jetta,2014,70911,не битый,1,675064
306,Volkswagen,Touareg,2008,260000,не битый,4+,880000
307,Volkswagen,Tiguan,2013,65000,битый,3,405000
308,Volkswagen,Tiguan,2010,116000,не битый,2,520000
309,Volkswagen,Tiguan,2013,165707,не битый,1,747489
310,Volkswagen,Touareg,2011,202000,не битый,3,1250000
311,Volkswagen,Santana,1984,300000,битый,3,50000
312,Volkswagen,Passat,2003,298000,не битый,4+,130000
313,Volkswagen,Golf,1993,150000,не битый,3,40000
314,Volkswagen,Polo,2005,153110,не битый,1,265000
315,Volkswagen,Golf,2015,72948,не битый,1,818827
316,Volkswagen,Polo,2010,130000,битый,1,200000
317,Volkswagen,Passat CC,2012,131000,не битый,3,750000
318,Volkswagen,Jetta,2014,107720,не битый,2,688389
319,Volkswagen,Tiguan,2012,78000,не битый,2,850000
320,Volkswagen,Jetta,2017,36053,не битый,1,879955
321,Volkswagen,Golf GTI,1998,328744,не битый,4+,210000
322,Volkswagen,Jetta,2015,201781,не битый,1,610000
323,Volkswagen,Polo,2016,57000,битый,1,390000
324,Volkswagen,Tiguan,2012,156000,не битый,2,850000
325,Volkswagen,Tiguan,2013,121000,не битый,1,700000
326,Volkswagen,Transporter,2009,310000,не битый,3,770000
327,Volkswagen,Touareg,2010,158668,не битый,4+,1090000
328,Volkswagen,Jetta,2012,130000,битый,1,325000
329,Volkswagen,Passat,2012,140000,не битый,3,595000
330,Volkswagen,Jetta,2015,60294,не битый,1,646855
331,Volkswagen,Transporter,2004,244312,не битый,3,423456
332,Volkswagen,Polo,2018,50000,не битый,1,600000
333,Volkswagen,Touareg,2008,187000,не битый,3,675000
334,Volkswagen,Passat CC,2010,113900,не битый,4+,520000
335,Volkswagen,Tiguan,2014,210489,не битый,2,700000
336,Volkswagen,Passat,2013,190000,не битый,1,650000
337,Volkswagen,Passat,2012,147700,не битый,2,635000
338,Volkswagen,Caddy,2014,137000,не битый,2,723000
339,Volkswagen,Polo,2017,41002,не битый,1,685000
340,Volkswagen,Golf,1998,250000,не битый,3,210000
341,Volkswagen,Golf,2012,142110,не битый,2,450000
342,Volkswagen,Tiguan,2010,120000,не битый,4+,643000
343,Volkswagen,Amarok,2014,255000,не битый,2,1270000
344,Volkswagen,Polo,2016,74996,не битый,1,627677
345,Volkswagen,Passat CC,2009,181470,не битый,2,490000
346,Volkswagen,Polo,2013,66000,не битый,2,500000
347,Volkswagen,Transporter,2014,135000,не битый,3,990000
348,Volkswagen,Teramont,2018,35000,не битый,1,2500000
349,Volkswagen,Touareg,2016,67000,не битый,2,2700000
350,Volkswagen,Tiguan,2017,68000,не битый,2,1648000
351,Volkswagen,Tiguan,2017,80000,не битый,1,1410000
352,Volkswagen,Polo,2012,92000,не битый,1,300000
353,Volkswagen,Polo,2013,170000,не битый,1,410000
354,Volkswagen,Polo,2018,34000,не битый,1,780000
355,Volkswagen,Polo,2016,57896,не битый,1,595000
356,Volkswagen,Tiguan,2018,36000,не битый,1,1750000
357,Volkswagen,Touareg,2007,194000,не битый,4+,698000
358,Volkswagen,Golf,2000,325000,не битый,2,200000
359,Volkswagen,Polo,2011,100000,не битый,2,400000
360,Volkswagen,Tiguan,2017,90968,не битый,1,1685000
361,Volkswagen,Polo,2012,142000,не битый,2,380000
362,Volkswagen,Tiguan,2012,105000,не битый,3,810000
363,Volkswagen,Touareg,2016,126378,не битый,1,2670000
364,Volkswagen,Tiguan,2011,75900,не битый,3,600000
365,Volkswagen,Jetta,2012,110650,не битый,2,540000
366,Volkswagen,Polo,2013,132000,не битый,2,415000
367,Volkswagen,Passat,2010,175832,не битый,2,475000
368,Volkswagen,Golf Plus,2012,110000,не битый,2,460000
369,Volkswagen,Polo,2010,156000,не битый,3,380000
370,Volkswagen,Jetta,2012,135000,не битый,1,530000
371,Volkswagen,Polo,2019,1855,не битый,1,730000
372,Volkswagen,Tiguan,2010,123000,не битый,3,650000
373,Volkswagen,Polo,Владельцев по ПТС: 1,VIN или номер кузова: XW8Z*************,Тип кузова: седа,Количество дверей: 4,549900
374,Volkswagen,Tiguan,2017,60000,не битый,1,1450000
375,Volkswagen,Polo,2016,114000,не битый,1,515000
376,Volkswagen,Polo,Владельцев по ПТС: 1,VIN или номер кузова: XW8Z*************,Тип кузова: седа,Количество дверей: 4,549900
377,Volkswagen,Transporter,2002,530000,не битый,3,369000
378,Volkswagen,Passat,2004,222000,не битый,3,310000
379,Volkswagen,Tiguan,2015,94000,не битый,1,999000
380,Volkswagen,Polo,2014,77117,не битый,1,554000
381,Volkswagen,Multivan,2019,VIN или номер кузова: WV2Z*************,Тип кузова: минивэ,Количество дверей: 4,3599000
382,Volkswagen,Tiguan,2014,76226,не битый,1,826000
383,Volkswagen,Tiguan,2018,22000,не битый,1,2330000
384,Volkswagen,Polo,2015,154448,не битый,1,508657
385,Volkswagen,Touareg,2006,190000,не битый,3,680000
386,Volkswagen,Polo,2018,25500,не битый,1,720000
387,Volkswagen,Passat,2010,145000,не битый,3,400000
388,Volkswagen,Touareg,2003,145000,не битый,4+,450000
389,Volkswagen,Polo,2016,128786,не битый,1,465321
390,Volkswagen,Polo,2016,45612,не битый,1,592000
391,Volkswagen,Touran,2007,220000,не битый,3,340000
392,Volkswagen,Jetta,2014,80000,не битый,2,600000
393,Volkswagen,Passat,2008,229000,не битый,2,449000
394,Volkswagen,Multivan,2010,146500,не битый,2,1350000
395,Volkswagen,Tiguan,2012,138000,не битый,3,785000
396,Volkswagen,Polo,2014,156093,не битый,3,414222
397,Volkswagen,Tiguan,2012,133000,не битый,2,675000
398,Volkswagen,Tiguan,2017,59500,не битый,1,1530000
399,Volkswagen,Amarok,2014,255000,не битый,2,1270000
400,Volkswagen,Touareg,2016,67000,не битый,2,2700000
401,Volkswagen,Golf,2015,138203,не битый,2,804000
402,Volkswagen,Touareg,2012,226543,не битый,3,1200000
403,Volkswagen,Beetle,1999,144400,не битый,2,220000
404,Volkswagen,Passat,2009,180000,не битый,4+,400000
405,Volkswagen,Tiguan,2010,120000,не битый,4+,643000
406,Volkswagen,Tiguan,2017,68000,не битый,2,1648000
407,Volkswagen,Polo,2011,124633,не битый,2,358200
408,Volkswagen,Polo,2018,28000,не битый,1,650000
409,Volkswagen,Tiguan,2015,87439,не битый,2,1150000
410,Volkswagen,Passat,2007,173000,не битый,2,700000
411,Volkswagen,Passat CC,2010,160000,не битый,3,550000
412,Volkswagen,Touareg,2015,38000,не битый,2,2449000
413,Volkswagen,Tiguan,2019,410,не битый,1,2030000
414,Volkswagen,Crafter,2019,VIN или номер кузова: WV1Z*************,Тип кузова: микроавтобу,Количество дверей: 4,2916190
415,Volkswagen,Polo,2012,131000,не битый,4+,330000
416,Volkswagen,Crafter,2010,184000,не битый,1,1000000
417,Volkswagen,Golf Plus,2008,156000,не битый,2,359000
418,Volkswagen,Touareg,2016,31409,не битый,1,2742000
419,Volkswagen,Passat,2002,250000,не битый,4+,240000
420,Volkswagen,Passat CC,2010,121000,не битый,2,599000
421,Volkswagen,Polo,2014,96000,не битый,1,450000
422,Volkswagen,Polo,2006,105000,не битый,2,305000
423,Volkswagen,Polo,2017,27500,не битый,1,700000
424,Volkswagen,Tiguan,2012,80000,не битый,2,730000
425,Volkswagen,Polo,2014,87000,не битый,1,480000
426,Volkswagen,Tiguan,2013,113000,не битый,2,800000
427,Volkswagen,Touareg,2005,320000,битый,4+,320000
428,Volkswagen,Jetta,2013,104300,не битый,3,555000
429,Volkswagen,Bora,1999,156000,не битый,4+,190000
430,Volkswagen,Polo,2013,98500,не битый,3,337000
431,Volkswagen,Amarok,2012,285000,не битый,3,875000
432,Volkswagen,Golf,2011,160000,не битый,4+,400000
433,Volkswagen,Touareg,2004,274000,не битый,3,540000
434,Volkswagen,Golf,1993,190000,битый,4+,45000
435,Volkswagen,Touareg,2007,138000,не битый,3,700000
436,Volkswagen,Golf,2012,133000,не битый,3,499999
437,Volkswagen,Golf,2012,118000,не битый,2,470000
438,Volkswagen,Tiguan,2011,116900,не битый,2,630000
439,Volkswagen,Tiguan,2014,108109,не битый,3,948626
440,Volkswagen,Polo,2012,164000,не битый,2,350000
441,Volkswagen,Golf,2015,84537,не битый,1,724000
442,Volkswagen,Polo,2014,200000,не битый,3,300000
443,Volkswagen,Passat,2019,VIN или номер кузова: WVWZ*************,Тип кузова: седа,Количество дверей: 4,1997210
444,Volkswagen,Touareg,2013,46208,не битый,1,1816000
445,Volkswagen,Passat,2006,308000,не битый,2,250000
446,Volkswagen,Jetta,2012,75000,не битый,2,500000
447,Volkswagen,Polo,2015,72384,не битый,1,598599
448,Volkswagen,Touareg,2018,VIN или номер кузова: WVGZ*************,Тип кузова: внедорожник,Количество дверей: 5,3941000
449,Volkswagen,Caravelle,2007,306123,не битый,4+,699874
450,Volkswagen,Transporter,2007,300000,не битый,3,600000
451,Volkswagen,Tiguan,2013,145000,не битый,2,800000
452,Volkswagen,Polo,2016,53367,не битый,1,650890
453,Volkswagen,Golf,2015,89783,не битый,1,722332
454,Volkswagen,Polo,2016,74996,не битый,1,627677
455,Volkswagen,Passat,2009,180000,не битый,4+,400000
456,Volkswagen,Teramont,2018,35000,не битый,1,2500000
457,Volkswagen,Golf,1992,100000,не битый,4+,95000
458,Volkswagen,Tiguan,2013,101000,не битый,3,930000
459,Volkswagen,Tiguan,2012,165000,не битый,1,640000
460,Volkswagen,Touareg,2016,67000,не битый,2,2700000
461,Volkswagen,Tiguan,2017,68000,не битый,2,1648000
462,Volkswagen,Tiguan,2017,59500,не битый,1,1530000
463,Volkswagen,Passat,2006,280000,не битый,3,340000
464,Volkswagen,Polo,2014,73812,не битый,1,465727
465,Volkswagen,Golf,1989,250000,не битый,1,25000
466,Volkswagen,Golf,2000,300000,не битый,4+,25000
467,Volkswagen,Passat,2007,168000,не битый,2,395000
468,Volkswagen,Polo,2018,113300,не битый,1,600000
469,Volkswagen,Touareg,2008,201000,не битый,3,650000
470,Volkswagen,Touareg,2004,128000,не битый,4+,550000
471,Volkswagen,Passat,2008,140000,не битый,2,470000
472,Volkswagen,Touareg,2011,130000,не битый,2,1150000
473,Volkswagen,Polo,2016,54913,не битый,1,594000
474,Volkswagen,Crafter,2012,346000,не битый,2,900000
475,Volkswagen,Passat,2011,113000,не битый,2,620000
476,Volkswagen,Passat,2010,140000,не битый,4+,450000
477,Volkswagen,Tiguan,2013,111000,не битый,3,720000
478,Volkswagen,Golf Plus,2013,63323,не битый,1,625000
479,Volkswagen,Jetta,2015,88787,не битый,1,649856
480,Volkswagen,Golf,2014,100000,не битый,2,570000
481,Volkswagen,Passat,2012,199000,не битый,4+,600000
482,Volkswagen,Tiguan,2011,120000,не битый,4+,715000
483,Volkswagen,Golf,2015,76431,не битый,1,679000
484,Volkswagen,Polo,2017,72000,не битый,1,640000
485,Volkswagen,Polo,2015,83196,не битый,1,577219
486,Volkswagen,Polo,2015,74500,не битый,1,564599
487,Volkswagen,Tiguan,2013,111002,не битый,1,895790
488,Volkswagen,Golf,2010,171000,не битый,4+,454900
489,Volkswagen,Jetta,2015,85230,не битый,1,647569
490,Volkswagen,Polo,2012,173089,не битый,4+,370206
491,Volkswagen,Caravelle,2018,5747,не битый,1,2690000
492,Volkswagen,Transporter,2010,175718,не битый,2,750000
493,Volkswagen,Tiguan,2016,33489,не битый,1,1306000
494,Volkswagen,Polo,2011,108002,не битый,2,314000
495,Volkswagen,Touareg,2008,148900,не битый,4+,725000
496,Volkswagen,Amarok,2013,134000,не битый,2,1290000
497,Volkswagen,Tiguan,2019,VIN или номер кузова: XW8Z*************,Тип кузова: внедорожник,Количество дверей: 5,1367500
498,Volkswagen,Tiguan,2017,60150,не битый,1,1750000
499,Volkswagen,Tiguan,2019,44802,не битый,1,1705000
500,Volkswagen,Golf,2004,178000,не битый,4+,250000
501,Volkswagen,Multivan,2011,141071,не битый,4+,1340000
502,Volkswagen,Polo,2019,VIN или номер кузова: XW8Z*************,Тип кузова: седа,Количество дверей: 4,718400
503,Volkswagen,Passat,2006,192000,не битый,4+,350000
504,Volkswagen,Transporter,2007,190000,не битый,2,570000
505,Volkswagen,Tiguan,2012,122000,не битый,2,900000
506,Volkswagen,Tiguan,2015,74821,не битый,1,875000
507,Volkswagen,Touareg,2012,127000,не битый,3,1190000
508,Volkswagen,Polo,2015,121000,не битый,1,480000
509,Volkswagen,Caddy,2015,93000,не битый,1,750000
510,Volkswagen,Polo,2016,74996,не битый,1,627677
511,Volkswagen,Teramont,2018,35000,не битый,1,2500000
512,Volkswagen,Amarok,2014,255000,не битый,2,1270000
513,Volkswagen,Golf,1987,150000,битый,4+,28500
514,Volkswagen,Tiguan,2011,128000,не битый,4+,595000
515,Volkswagen,Jetta,2014,92500,не битый,1,569000
516,Volkswagen,Tiguan,2017,59500,не битый,1,1530000
517,Volkswagen,Tiguan,2010,120000,не битый,4+,643000
518,Volkswagen,Touareg,2016,67000,не битый,2,2700000
519,Volkswagen,Multivan,2016,73000,не битый,2,3220000
520,Volkswagen,Polo,2014,75000,не битый,2,520000
521,Volkswagen,Touareg,2012,195000,не битый,3,1000000
522,Volkswagen,Touareg,2013,148000,не битый,2,1599000
523,Volkswagen,Tiguan,2016,54582,не битый,2,1280000
524,Volkswagen,Tiguan,2014,54914,не битый,1,1034000
525,Volkswagen,Tiguan,2018,19201,не битый,1,1550000
526,Volkswagen,Polo,2014,67115,не битый,1,430000
527,Volkswagen,Jetta,2012,98705,не битый,1,475000
528,Volkswagen,Polo,2013,138011,не битый,1,440000
529,Volkswagen,Polo,2011,144148,не битый,2,399000
530,Volkswagen,Polo,2019,4,не битый,1,858000
531,Volkswagen,Golf,2015,87415,не битый,1,808455
532,Volkswagen,Polo,2018,61051,не битый,1,782000
533,Volkswagen,Jetta,2012,100000,не битый,2,570000
534,Volkswagen,Polo,2014,88000,не битый,2,529000
535,Volkswagen,Polo,2018,35000,не битый,2,675000
536,Volkswagen,Passat,2014,92290,не битый,1,788905
537,Volkswagen,Touareg,2008,189000,не битый,3,960000
538,Volkswagen,Polo,2017,33000,не битый,1,640000
539,Volkswagen,Golf,2010,40000,не битый,2,590000
540,Volkswagen,Passat,2008,116967,не битый,2,457000
541,Volkswagen,Amarok,2014,135492,не битый,2,1350000
542,Volkswagen,Golf,2011,164000,не битый,4+,499000
543,Volkswagen,Passat CC,2010,197000,не битый,4+,575000
544,Volkswagen,Polo,2012,101201,не битый,1,455000
545,Volkswagen,Passat,2011,208000,не битый,2,565000
546,Volkswagen,Golf,2013,125000,не битый,2,580000
547,Volkswagen,Tiguan,2008,161658,не битый,4+,511899
548,Volkswagen,Touareg,2011,250000,не битый,3,1050000
549,Volkswagen,Polo,2017,115000,не битый,2,650000
550,Volkswagen,Polo,2013,127560,не битый,1,388000
551,Volkswagen,Tiguan,2016,39875,не битый,1,1107000
552,Volkswagen,Polo,2015,96901,не битый,1,489000
553,Volkswagen,Caddy,Количество дверей: 4,Тип двигателя: дизель,Коробка передач: роб,ривод: передний,2253000
554,Volkswagen,Polo,2017,90000,не битый,1,575000
555,Volkswagen,Tiguan,2013,84561,не битый,1,727990
556,Volkswagen,Tiguan,2010,187341,не битый,2,549894
557,Volkswagen,Passat,2009,110000,не битый,3,460000
558,Volkswagen,Caravelle,2015,82000,не битый,1,1895000
559,Volkswagen,Touareg,2008,180000,не битый,2,777000
560,Volkswagen,Polo,2015,71194,не битый,1,528000
561,Volkswagen,Jetta,2014,104002,не битый,1,586000
562,Volkswagen,Polo,2017,55701,не битый,2,609000
563,Volkswagen,Tiguan,2014,64732,не битый,3,727000
564,Volkswagen,Polo,2017,99875,не битый,1,469000
565,Volkswagen,Polo,2018,29000,не битый,1,735600
566,Volkswagen,Touareg,2016,67000,не битый,2,2700000
567,Volkswagen,Teramont,2018,35000,не битый,1,2500000
568,Volkswagen,Amarok,2014,255000,не битый,2,1270000
569,Volkswagen,Tiguan,2015,98142,не битый,1,770000
570,Volkswagen,Golf,1990,300000,не битый,4+,50000
571,Volkswagen,Golf,1996,374000,не битый,4+,45000
572,Volkswagen,Polo,2016,74996,не битый,1,627677
573,Volkswagen,Tiguan,2017,68000,не битый,2,1648000
574,Volkswagen,Tiguan,2010,120000,не битый,4+,643000
575,Volkswagen,Golf,2012,61596,не битый,2,525000
576,Volkswagen,Golf,2011,98703,не битый,1,475500
577,Volkswagen,Tiguan,2016,47610,не битый,1,860000
578,Volkswagen,Polo,2017,68501,не битый,1,561940
579,Volkswagen,Tiguan,2014,80001,не битый,1,790000
580,Volkswagen,Touareg,2012,111111,не битый,2,1600000
581,Volkswagen,Polo,2018,4582,не битый,1,811990
582,Volkswagen,Touareg,2013,260000,не битый,1,1350000
583,Volkswagen,Tiguan,Владельцев по ПТС: 1,VIN или номер кузова: XW8Z*************,Тип кузова: внедорожник,Количество дверей: 5,1344000
584,Volkswagen,Polo,2018,50127,не битый,1,710000
585,Volkswagen,Touareg,2018,17000,не битый,1,4600000
586,Volkswagen,Polo,2019,23001,не битый,1,772000
587,Volkswagen,Golf,2014,96010,не битый,2,740000
588,Volkswagen,Passat,2008,114102,не битый,2,430000
589,Volkswagen,Touareg,2016,127974,не битый,1,2415000
590,Volkswagen,Polo,2018,23801,не битый,2,808000
591,Volkswagen,Tiguan,2016,51632,не битый,1,1231740
592,Volkswagen,Touareg,2012,217129,не битый,2,1305000
593,Volkswagen,Golf,2013,103748,не битый,1,600000
594,Volkswagen,Passat,2008,180000,не битый,4+,320000
595,Volkswagen,Passat,2012,97505,не битый,3,933530
596,Volkswagen,Passat,1997,360000,не битый,4+,175000
597,Volkswagen,Tiguan,2020,11,не битый,1,1619000
598,Volkswagen,Touareg,2011,127000,не битый,2,1100000
599,Volkswagen,Polo,2016,91787,не битый,1,569000
600,Volkswagen,LT,2003,376000,не битый,2,460000
601,Volkswagen,Polo,2017,57979,не битый,3,640000
602,Volkswagen,Polo,2017,55016,не битый,1,672820
603,Volkswagen,Passat,2008,164000,не битый,4+,310000
604,Volkswagen,Passat,2012,182880,не битый,3,665000
605,Volkswagen,Jetta,2013,159491,не битый,1,565000
606,Volkswagen,Tiguan,2015,71323,не битый,1,897000
607,Volkswagen,Polo,2018,31843,не битый,1,734000
608,Volkswagen,Polo,2016,120000,не битый,1,500000
609,Volkswagen,Tiguan,2017,65100,не битый,1,1450000
610,Volkswagen,Tiguan,2016,64340,не битый,1,1010000
611,Volkswagen,Jetta,2009,145000,не битый,3,365000
612,Volkswagen,Passat,2006,215000,не битый,3,400000
613,Volkswagen,Touareg,2011,178001,не битый,2,1404000
614,Volkswagen,Touareg,2012,65000,не битый,2,1400000
615,Volkswagen,Tiguan,2017,77000,не битый,1,1570000
616,Volkswagen,Polo,2017,21500,не битый,2,665000
617,Volkswagen,Polo,2015,89508,не битый,1,514200
618,Volkswagen,Touareg,2016,128000,не битый,1,2285000
619,Volkswagen,Polo,2017,70691,не битый,1,654927
620,Volkswagen,Tiguan,2010,206000,не битый,3,499999
621,Volkswagen,Jetta,2016,101500,не битый,2,730000
622,Volkswagen,Passat,2009,180000,не битый,4+,400000
623,Volkswagen,Tiguan,2017,68000,не битый,2,1648000
624,Volkswagen,Tiguan,2017,59500,не битый,1,1530000
625,Volkswagen,Passat,2011,144000,не битый,3,499000
626,Volkswagen,Polo,2015,97169,не битый,1,499000
627,Volkswagen,Polo,2020,7,не битый,1,865400
628,Volkswagen,Amarok,2014,255000,не битый,2,1270000
629,Volkswagen,Polo,2016,74996,не битый,1,627677
630,Volkswagen,Tiguan,2010,120000,не битый,4+,643000
631,Volkswagen,Polo,2015,95931,не битый,1,497000
632,Volkswagen,Tiguan,2019,VIN или номер кузова: XW8Z*************,Тип кузова: внедорожник,Количество дверей: 5,1777400
633,Volkswagen,Golf,2013,116000,не битый,2,820000
634,Volkswagen,Touareg,2020,24,не битый,1,3897000
635,Volkswagen,Jetta,2015,90653,не битый,1,689320
636,Volkswagen,Tiguan,2020,7,не битый,1,2490000
637,Volkswagen,Passat,2011,77000,не битый,2,750000
638,Volkswagen,Touareg,2012,160000,не битый,4+,1145000
639,Volkswagen,Jetta,2016,73839,не битый,1,765000
640,Volkswagen,Jetta,2012,123960,не битый,3,515000
641,Volkswagen,Caravelle,2009,278000,не битый,3,1170000
642,Volkswagen,Jetta,2012,156702,не битый,1,569920
643,Volkswagen,Touran,2011,190660,не битый,2,479000
644,Volkswagen,Passat,2008,240000,не битый,3,430000
645,Volkswagen,Passat,2004,282000,не битый,4+,275000
646,Volkswagen,Passat,2010,160000,не битый,3,520000
647,Volkswagen,Passat,2014,143495,не битый,2,790000
648,Volkswagen,Polo,2015,61000,не битый,2,520000
649,Volkswagen,Tiguan,2016,64000,не битый,1,1090000
650,Volkswagen,Polo,2015,50000,не битый,1,600000
651,Volkswagen,Polo,2017,72000,не битый,1,680000
652,Volkswagen,Touareg,2010,93000,не битый,3,1175000
653,Volkswagen,Polo,2014,157917,не битый,1,468532
654,Volkswagen,Golf,2011,210000,не битый,3,430000
655,Volkswagen,Polo,2016,65313,не битый,1,589000
656,Volkswagen,Passat,2011,110000,не битый,3,550000
657,Volkswagen,Polo,2011,129525,не битый,4+,369000
658,Volkswagen,Golf,2013,138000,не битый,2,555555
659,Volkswagen,Polo,2018,35000,не битый,1,719000
660,Volkswagen,Tiguan,2015,125560,не битый,2,1000000
661,Volkswagen,Golf,2015,98584,не битый,1,813731
662,Volkswagen,Passat,2014,87800,не битый,3,790000
663,Volkswagen,Passat,2008,172241,не битый,3,459000
664,Volkswagen,Passat CC,2012,132400,не битый,3,745000
665,Volkswagen,Polo,2015,112434,не битый,2,496335
666,Volkswagen,Polo,2018,44500,не битый,1,870000
667,Volkswagen,Golf,2014,93972,не битый,1,669852
668,Volkswagen,Passat,2019,VIN или номер кузова: WVWZ*************,Тип кузова: седа,Количество дверей: 4,1982000
669,Volkswagen,Jetta,2016,67000,не битый,1,885000
670,Volkswagen,Jetta,2018,31000,не битый,1,1099000
671,Volkswagen,Tiguan,2014,129000,не битый,2,950000
672,Volkswagen,Transporter,2008,268000,не битый,2,590000
673,Volkswagen,Polo,2017,37200,не битый,1,620000
674,Volkswagen,Multivan,2012,200400,не битый,2,1550000
675,Volkswagen,Tiguan,2017,38701,не битый,1,1534000
676,Volkswagen,Tiguan,2017,50732,не битый,1,1700000
677,Volkswagen,Jetta,2015,83000,не битый,1,699000
678,Volkswagen,Touareg,2016,67000,не битый,2,2700000
679,Volkswagen,Polo,2016,74996,не битый,1,627677
680,Volkswagen,Tiguan,2017,68000,не битый,2,1648000
681,Volkswagen,Tiguan,2020,16,не битый,1,2140000
682,Volkswagen,Jetta,2008,206500,не битый,3,355000
683,Volkswagen,Touareg,2017,61000,не битый,2,2730000
684,Volkswagen,Passat,2009,180000,не битый,4+,400000
685,Volkswagen,Tiguan,2017,59500,не битый,1,1530000
686,Volkswagen,Amarok,2014,255000,не битый,2,1270000
687,Volkswagen,Polo,2015,96125,не битый,1,514200
688,Volkswagen,Tiguan,2011,167052,не битый,2,677871
689,Volkswagen,Jetta,2011,246000,не битый,2,424000
690,Volkswagen,Teramont,2018,VIN или номер кузова: WVGZ*************,Тип кузова: внедорожник,Количество дверей: 5,2997000
691,Volkswagen,Golf,2015,133250,не битый,1,643200
692,Volkswagen,Passat,2015,80000,не битый,4+,1000000
693,Volkswagen,Touareg,2011,114000,не битый,1,1480000
694,Volkswagen,Touareg,2013,85000,не битый,2,1849000
695,Volkswagen,Passat,2010,194122,не битый,4+,398798
696,Volkswagen,Passat,2019,VIN или номер кузова: WVWZ*************,Тип кузова: седа,Количество дверей: 4,1689000
697,Volkswagen,Touareg,2018,20500,не битый,1,3900000
698,Volkswagen,Passat,2006,188000,не битый,4+,300000
699,Volkswagen,Jetta,2014,64977,не битый,2,683784
700,Volkswagen,Jetta,2016,39481,не битый,1,769000
701,Volkswagen,Jetta,2016,37770,не битый,1,768000
702,Volkswagen,Touareg,2016,52000,не битый,2,2200000
703,Volkswagen,Scirocco,2011,167409,битый,3,800000
704,Volkswagen,Caravelle,2019,VIN или номер кузова: WV2Z*************,Тип кузова: минивэ,Количество дверей: 4,2989530
705,Volkswagen,Polo,2019,VIN или номер кузова: XW8Z*************,Тип кузова: седа,Количество дверей: 4,761900
706,Volkswagen,Polo,2015,88856,не битый,1,509630
707,Volkswagen,Passat,2019,VIN или номер кузова: WVWZ*************,Тип кузова: седа,Количество дверей: 4,1805210
708,Volkswagen,Polo,2014,129103,не битый,1,426610
709,Volkswagen,Polo,2019,VIN или номер кузова: XW8Z*************,Тип кузова: седа,Количество дверей: 4,858700
710,Volkswagen,Polo,2019,VIN или номер кузова: XW8Z*************,Тип кузова: седа,Количество дверей: 4,835400
711,Volkswagen,Passat,2013,207000,не битый,1,543920
712,Volkswagen,Polo,2019,VIN или номер кузова: XW8Z*************,Тип кузова: седа,Количество дверей: 4,768400
713,Volkswagen,Crafter,2018,VIN или номер кузова: WV1Z*************,Тип кузова: фург,Количество дверей: 4,2363050
714,Volkswagen,Jetta,2015,96430,не битый,1,739635
715,Volkswagen,Polo,2015,112551,не битый,1,462000
716,Volkswagen,Transporter,2019,VIN или номер кузова: WV2Z*************,Тип кузова: минивэ,Количество дверей: 4,2449536
717,Volkswagen,Passat,2017,70470,не битый,1,2060000
718,Volkswagen,Jetta,2015,97544,не битый,3,627569
719,Volkswagen,Passat,2016,80000,не битый,2,1250000
720,Volkswagen,Jetta,2015,122430,не битый,2,639250
721,Volkswagen,Golf GTI,2012,155000,не битый,4+,770000
722,Volkswagen,Polo,2015,69811,не битый,1,512720
723,Volkswagen,Tiguan,2014,130000,не битый,2,750000
724,Volkswagen,Touareg,2015,99000,не битый,1,1810000
725,Volkswagen,Passat,1997,386950,не битый,4+,200000
726,Volkswagen,Tiguan,2017,31782,не битый,1,1645000
727,Volkswagen,Touareg,2011,222000,не битый,3,1159000
728,Volkswagen,Touareg,2019,VIN или номер кузова: WVGZ*************,Тип кузова: внедорожник,Количество дверей: 5,4724000
729,Volkswagen,Passat,2017,83200,не битый,1,1250000
730,Volkswagen,Tiguan,2018,61019,не битый,1,1531000
731,Volkswagen,Golf,2015,90741,не битый,1,748697
732,Volkswagen,Touareg,2015,92892,не битый,1,1800000
733,Volkswagen,Touareg,2016,81382,не битый,1,2618000
734,Volkswagen,Tiguan,2010,120000,не битый,4+,643000
735,Volkswagen,Tiguan,2017,68000,не битый,2,1648000
736,Volkswagen,Amarok,2014,255000,не битый,2,1270000
737,Volkswagen,Tiguan,Количество дверей: 5,Тип двигателя: дизель,Коробка передач: роб,ривод: полный,2538700
738,Volkswagen,Polo,2014,51245,не битый,1,576216
739,Volkswagen,Golf,2015,113287,не битый,1,779524
740,Volkswagen,Polo,2016,74996,не битый,1,627677
741,Volkswagen,Passat,2009,180000,не битый,4+,400000
742,Volkswagen,Teramont,2018,35000,не битый,1,2500000
743,Volkswagen,Golf,2015,116868,не битый,1,778618
744,Volkswagen,Teramont,2019,VIN или номер кузова: WVGZ*************,Тип кузова: внедорожник,Количество дверей: 5,3101000
745,Volkswagen,Polo,2019,VIN или номер кузова: XW8Z*************,Тип кузова: седа,Количество дверей: 4,753900
746,Volkswagen,Passat,2005,418941,не битый,3,350000
747,Volkswagen,Jetta,2015,97299,не битый,1,619854
748,Volkswagen,Polo,2018,39359,не битый,1,734788
749,Volkswagen,Polo,2019,VIN или номер кузова: XW8Z*************,Тип кузова: седа,Количество дверей: 4,831900
